id;firstname;lastname;phone
64b299ab-b6f8-4d88-8bdc-a03ada3d9145;"Vajtcj";"Gvuz";1-984-907-3517
af25a615-73a8-4151-8d0e-5191c5addf10;"Nldyexi";"Upsjzb";(504) 751-0280 x916
7ec2118d-2ce4-4659-ae84-7a0d51655b5d;"Rc";"Dhzy";1-683-827-1192 x465
b8548e02-069d-4374-a484-fa67db25a2bc;"Eyapf";"Bvt";714-446-5238 x6489
554e3074-9c4b-43f3-a497-f66a7e69b392;"Kplxjkl";"Atnhh";563.538.8118 x818
b703814e-fd1e-4f26-b2c6-5e0bcd674525;"Hs";"Benbse";(538) 426-7819
4199b38f-caf1-4d23-8c23-c758261ae15f;"Wkfphf";"Budd";(511) 360-5252 x57049
82987865-725f-4038-9d63-49c355c2e6a3;"Lh";"Ceonrzl";482-781-6472 x33240
3a1a457a-cc0d-46a4-b524-f6fabecd37a0;"El";"Vbgxmyu";(262) 480-8622 x6452
94567737-d6e2-4d02-aba3-6e8d3d6a6dbb;"Ldk";"Ovjzr";790-414-0825
